,MAE_t,RMSE_t,MAE_h,RMSE_h,MAE_scale+_h,RMSE_scale+_h
split_01,5.900823584615953,8.512863917419077,5.889157821847836,8.497000154288683,5.888693371306727,8.497089069348604
split_02,5.685519417474252,8.364948453697606,5.68006176050951,8.353498702460469,5.680058580871144,8.353651745317183
split_03,5.568004964751764,8.296353316985678,5.55924757015791,8.286621546087108,5.5593684973274735,8.286367007602031
