,MAE_t,RMSE_t,MAE_h,RMSE_h,MAE_scale+_h,RMSE_scale+_h
count,3.0,3.0,3.0,3.0,3.0,3.0
mean,5.718115988947322,8.391388562700788,5.709489050838418,8.379040134278753,5.709373483168448,8.379035940755939
std,0.16878673166432587,0.1106504385354291,0.16691215535305975,0.10748982859649557,0.16660804535762402,0.10762999052418588
min,5.568004964751764,8.296353316985678,5.55924757015791,8.286621546087108,5.5593684973274735,8.286367007602031
25%,5.6267621911130075,8.330650885341642,5.6196546653337105,8.320060124273787,5.619713539099308,8.320009376459607
50%,5.685519417474252,8.364948453697606,5.68006176050951,8.353498702460469,5.680058580871144,8.353651745317183
75%,5.793171501045102,8.438906185558341,5.7846097911786725,8.425249428374576,5.784375976088935,8.425370407332894
max,5.900823584615953,8.512863917419077,5.889157821847836,8.497000154288683,5.888693371306727,8.497089069348604
