,MAE_t,RMSE_t,MAE_h,RMSE_h
count,3.0,3.0,3.0,3.0
mean,6.251872683314947,8.929572292868341,6.2406891132689175,8.911697321509635
std,0.06792589776124096,0.13044728169763484,0.0699128516943833,0.12767120878559737
min,6.1906517648754065,8.794794928462332,6.177662537219578,8.782162360775716
25%,6.21533701008196,8.866754122025844,6.203089021350726,8.848836302848895
50%,6.240022255288514,8.938713315589355,6.228515505481873,8.915510244922071
75%,6.282483142534717,8.996960975071344,6.272202401293587,8.976464801876595
max,6.324944029780922,9.055208634553333,6.3158892971053,9.037419358831118
