,MAE_t,RMSE_t,MAE_h,RMSE_h
split_01,6.324944029780922,9.055208634553333,6.3158892971053,9.037419358831118
split_02,6.240022255288514,8.938713315589355,6.228515505481873,8.915510244922071
split_03,6.1906517648754065,8.794794928462332,6.177662537219578,8.782162360775716
